Id,titre,description,service,date
1,Incident A,Description A,Cardiology,2022-01-15
2,Incident B,Description B,Neurology,2021-02-20
3,Incident C,Description C,Cardiology,2022-05-10
4,Incident D,Description D,Oncology,2023-06-11
5,Incident E,Description E,Cardiology,2023-07-01
6,Incident F,Description F,Neurology,2021-08-25
7,Incident G,Description G,Oncology,2022-10-30
8,Incident H,Description H,Orthopedics,2023-11-15
9,Incident I,Description I,Orthopedics,2021-03-10
10,Incident J,Description J,Neurology,2022-04-12
11,Incident K,Description K,Oncology,2022-12-05
12,Incident L,Description L,Cardiology,2023-01-20
13,Incident M,Description M,Orthopedics,2022-09-17
14,Incident N,Description N,Oncology,2021-05-05
15,Incident O,Description O,Orthopedics,2023-02-22
